,id,category_id,name,cost
0,1,1, Водолазка из экстратонкой мериносовой шерсти,9505
1,2,1, Джинсы Oregon Straight,12919
2,3,1, Брюки спортивные BUCKINGHAM,3444
3,4,3, Сумка MAN COSMO MINI CROSSBODY,16024
4,5,1, Брюки утепленные Royce Peak™ Heat Pant,22947
5,6,3, Шапка BIG LOG BE A.R.,5134
6,7,2, Ботинки SKY,17275
7,8,1, Парка Sapporo Black,12713
8,9,1, Пальто METRO,2257
9,10,1, Жилет пуховый ультралегкий,1711
10,11,2, Ботинки Chelsea Farmer,16309
11,12,3, Рюкзак 30 л,2205
12,13,3, Рюкзак CL FO BACKPACK,3369
13,14,1, Парка Husky Regular Beluga,26173
14,15,3, Очки солнцезащитные VO4217S 280/73 ,25438
15,16,2," Кроссовки Andrew Wiggins ""Cow""",11278
16,17,1, Жилет утепленный PUMA X Helly Hansen Run Vest,2785
17,18,3, Шапка RUKKA TEKKALA,3458
18,19,3, Рюкзак VOYAGER CROSS BODY BAG,17540
19,20,3, Часы ,10451
20,21,1, Брюки спортивные ,7446
21,22,2, Кеды Comfycush Old Skool,3960
22,23,3, Снуд Original,3381
23,24,3, Перчатки GL-0136,17203
24,25,2, Туфли ECCO VITRUS MONDIAL,5237
25,26,2, Ботинки STURUS,5878
26,27,2, Кроссовки RUNFALCON 2.0,20751
27,28,3," Чемодан CABIN SIZE, 27 л",721
28,29,3, Рюкзак Basketball Backpack,3779
29,30,2, Кеды ECCO SOFT 7 TRED M,3675
30,31,3, Балаклава Thermonet Balaclava,12914
31,32,1, Брюки спортивные BLD SWEATPANT,27363
32,33,3, Сумка поясная NK HERITAGE HIP PACK - NFS,2663
33,34,2, Кеды UA ComfyCush Era,14079
34,35,1, Брюки спортивные 3-STRIPES PANT,14449
35,36,1, Куртка утепленная ANTI SERIES ONE SHOT JK,11897
36,37,3, Часы 8215/3052931BR,9710
37,38,2, Ботинки EXOSTRIKE,2671
38,39,1, Рубашка EASY CARE,698
39,40,3, Часы TDWGB2202101,4404
40,41,3, Шапка NAUVOINEN,19774
41,42,1, Пуховик Delta Ridge™,22003
42,43,2, Кроссовки Fuse FM Utility Intense Blue-,22885
43,44,3, Сумка поясная UA Flex Waist Bag,3984
44,45,3, Сумка поясная STREET WAISTBAG,16955
45,46,1," Шорты спортивные Active ESS 8"" Shorts Poly M",1911
46,47,3, Рюкзак Recycled Ripstop Backpack,20679
47,48,3, Балаклава ,26344
48,49,1, Джемпер CHARLIE,22106
49,50,2, Кроссовки RS-0 CORE,2823
50,51,3, Бейсболка BBALL CAP COT,18966
51,52,2, Ботинки Полнота стопы G (7),7827
52,53,2, Ботинки Laborer,2293
53,54,3, Шапка A.RDY BEAN FITT,9786
54,55,1, Джинсы MARCUS MAVI BLACK,19935
55,56,1, Лонгслив Blue Reef™,19533
56,57,1, Куртка утепленная KYOTO,2171
57,58,3, Варежки ,24965
58,59,2, Кроссовки BIOM 2.0 M,2414
59,60,2, Кроссовки WAVE REVOLT(M),26002
60,61,3, Капор Waterproof Quilted,3212
61,62,2, Ботинки трекинговые TERREX FASTSHELL MID CW CP,7034
62,63,2, Сабо Morton,29632
63,64,2, Кроссовки  MULTI-VENT M,28543
64,65,2, Кроссовки OZELIA,29793
65,66,2, Ботинки полнота H (8),19668
66,67,2, Кеды M's Skateboarding,5079
67,68,1, Брюки из ткани джерси,8707
68,69,1, Джинсы Washington,25251
69,70,1, Носки 5 пар MID CUT CRW 5PP,16947
70,71,2, Ботинки DORADO LIFESTYLE SHOE WP,19206
71,72,3, Бейсболка MAPF1 BB Cap,28780
72,73,3, Перчатки 8,14868
73,74,2, Кеды STREET LITE M,13302
74,75,2, Кроссовки NIKE AIR MAX IMPACT 2,8299
75,76,1, Ветровка UA Forefront Rain Jacket,12437
76,77,1, Рубашка джинсовая ,25548
77,78,2, Кроссовки LITE RACER 3.0,15427
78,79,3, Очки солнцезащитные PLD 6176/S 807,12503
79,80,2, Кроссовки RS-Z Re.Gen,29983
80,81,1, Пальто ,574
81,82,1, Трусы TS7801-2,13295
82,83,1, Джинсы Tramper,27213
83,84,1, Брюки спортивные GRAPHIC SERIES,21730
84,85,3, Сумка спортивная ACT CORE LL M GRIP,4692
85,86,3, Бейсболка BMW MMS BB Cap,24829
86,87,1, Лонгслив спортивный RUKKA MELKO,2907
87,88,3, Бабочка и подтяжки ,18237
88,89,3, Манишка ,20971
89,90,3, Перчатки GLOVES,2360
90,91,1, Куртка джинсовая WASP,10660
91,92,2, Кроссовки NMD_R1,25599
92,93,3, Бейсболка PF CAP,11322
93,94,1, Брюки спортивные PANTS,12946
94,95,2, Кроссовки RS-X WINTERIZED,5757
95,96,2, Слипоны ,28504
96,97,1, Шорты для плавания Paper touch,13418
97,98,2, Ботинки S LITE HYBRID,19135
98,99,3, Рюкзак PUMA King Backpack,25737
99,100,3, Бейсболка Unisex Running Cap III,26461
100,101,1, Куртка утепленная DOLI,16521
101,102,1, Носки 6 пар ,1054
102,103,1, Носки ,20629
103,104,1, Пальто NOBI,5720
104,105,3," Чемодан 20"" (S), Cabin size",3001
105,106,1," Шорты спортивные ESS Sweat Shorts 8"" TR M",8171
106,107,2, Кроссовки KROS,14625
107,108,3, Бейсболка Trail Essential™ Snap Back,15138
108,109,1, Брюки из хлопка SMART,4378
109,110,1, Брюки спортивные с начесом,1262
110,111,1, Рубашка из ткани оксфорд,11035
111,112,3, Портфель ,8665
112,113,3, Рюкзак 17л,25433
113,114,2," Пропитка водоотталкивающая, Ultra Shield, 250 мл",24936
114,115,2, Кеды CHUCK TAYLOR ALL STAR,4729
115,116,2, Лоферы ESTORIL,12911
116,117,3, Браслет ,7573
117,118,3, Шапка и снуд ,27558
118,119,3, Рюкзак PUMA Phase Backpack No. 2,24805
119,120,2," Кроссовки Delly ""Green""",25085
120,121,2, Полусапоги SEM,20236
121,122,2, Кроссовки UA Mojo 2,12244
122,123,3, Шапка LOGO WOOLIE,29705
123,124,2, Кроссовки UA Charged Vantage 2,29017
124,125,3, Очки солнцезащитные VO5330S W65673 ,24580
125,126,3, Балаклава LW Merino Wool Balaclava,1074
126,127,1, Худи Smerch feat Доброшрифт ,8225
127,128,2, Кроссовки Velocity Nitro 2,21496
128,129,1, Олимпийка ESS Track Jacket TR,18519
129,130,2, Кроссовки NRGY Rupture,15418
130,131,1, Тайтсы ,9198
131,132,1, Парка ,26053
132,133,1, Шорты спортивные Shorts,15555
133,134,3, Перчатки touchscreen,6705
134,135,1, Куртка кожаная JOSENO,5402
135,136,2, Ботинки трекинговые RIGEL MID TREKKING SHOE WP,28307
136,137,3, Серьги ,6282
137,138,3, Кошелек MAN PROJECT XL ZIP AROUND,17352
138,139,1, Пальто OLBIA,24554
139,140,2, Кроссовки CLASSIC LEATHER RIPPLE,714
140,141,2, Кроссовки MAPF1 X-Ray Lite Pro,27755
141,142,3, Рюкзак CL OUTDOOR BP,18489
142,143,2, Ботинки полнота стопы E (5),9948
143,144,1, Шорты для плавания ,18572
144,145,3, Рюкзак WOR  BACKPACK,7108
145,146,2, Кеды STREET 720 M,25908
146,147,3, Перчатки беговые ,11208
147,148,2, Ботинки полнота К (10),24695
148,149,2, Ботинки трекинговые HURRICANE THC II MID GTX®,23893
149,150,2, Кроссовки NMD_R1 V3,22891
150,151,2, Кеды Suede GTX Puma Black-Ebony,3297
151,152,3, Шапка FRONTLINE  HDWR BYJ0,23626
152,153,3, Рюкзак 33 л,641
153,154,1, Куртка утепленная LUHTA AHONKULMA,4300
154,155,1, Джинсы JAKE,13703
155,156,3, Бейсболка HEADWEAR,17319
156,157,1, Термобелье низ ,17064
157,158,3, Бейсболка BBALLCAP LT MET,22694
158,159,2, Шиповки EXPONENTA 3 TF,16625
159,160,1, Олимпийка ,25676
160,161,1, Жилет утепленный Wadded Gilet,22469
161,162,2, Ботинки Alastair,22264
162,163,3, Кольцо ,24187
163,164,3, Часы TW2U88200,12229
164,165,3, Часы PWCAA0821,23825
165,166,1, Рубашка силуэт оверсайз,8025
166,167,1, Джинсы BILLY,24848
167,168,3, Часы PWCAA0621,5701
168,169,1, Трусы 2 шт. Fashion,5462
169,170,3, Очки солнцезащитные 005M-700,1382
170,171,3, Сумка NEW YORK,765
171,172,3, Шапка Ditch Classic,9125
172,173,1, Трусы 2 шт. ,28281
173,174,1, Джинсы утепленные ,3939
174,175,1, Шорты спортивные ,20263
175,176,2, Кеды X-Game Shoes,5000
176,177,3, Мешок NK STADIUM FCB GMSK,15126
177,178,2, Кроссовки NIKE REVOLUTION 6 NN,11832
178,179,1, Олимпийка SST TT,18687
179,180,2, Ботинки GRAINER M,5289
180,181,2, Ботинки Valley Premium,5894
181,182,3, Рюкзак MARBLE DUNE,29774
182,183,3, Бейсболка AF TRUCKER TREF,7641
183,184,2, Кроссовки FLOATRIDE ENERGY 3.0 ADVENTURE,5499
184,185,2, Ботинки ECCO STREET LITE M,27688
185,186,3, Очки солнцезащитные MVP 003 030 000,13752
186,187,2, Кроссовки Полнота F (6),17948
187,188,1, Брюки BREST,23215
188,189,2, Кроссовки ULTRA4D,4156
189,190,3, Очки солнцезащитные PLD 4123/S 086,6720
190,191,3, Шапка TNF LOGO BOX CUFFED BEANIE,29656
191,192,3, Рюкзак City Pack,4044
192,193,3, Сумка дорожная и брелок ,9809
193,194,2, Кроссовки Полнота E (5),7696
194,195,1, Джинсы JAKE BLACK PRO MOVE,21825
195,196,1, Куртка кожаная PICASSO,15716
196,197,2, Ботинки HARSEN,4832
197,198,2, Лоферы Valley Premium,25762
198,199,2, Дутики ERMAK,10390
199,200,2, Ботинки ECCO TURN,24598
200,201,3, Панама RM BUCKET HAT,11479
201,202,3, Кошелек DANTE,4325
202,203,3, Перчатки футбольные ,9968
203,204,3, Ремень BT-0592,25850
204,205,3, Рюкзак LOKKA BACKPACK,28064
205,206,2, Ботинки SS-0558,14289
206,207,2, Кеды CARNABY EVO 222,10800
207,208,2, Ботинки Полнота K (10),15969
208,209,2, Кеды Casual sneakers,4367
209,210,1, Худи DRY,14510
210,211,2, Ботинки ECCO S LITE HYBRID,26450
211,212,3, Очки солнцезащитные RB4181 601/9A,11270
212,213,2, Кеды CHALLENGE 0120 2 SMA,7538
213,214,3, Очки солнцезащитные PH4171 500371,28754
214,215,3, Бейсболка UA M Hther Blitzing 3.0,1531
215,216,3, Сумка спортивная NK SHOE BOX BAG,29786
216,217,1, Брюки спортивные Q1 PANTS,3104
217,218,1, Худи C HOODY Premium,18194
218,219,3, Рюкзак OLD SKOOL DROP V BACKPACK,23130
219,220,3, Рюкзак UA Loudon Backpack,4480
220,221,3, Перчатки Screen Touch,19003
221,222,2, Кроссовки CLIMACOOL,8256
222,223,3, Оправа PS 04HV DG01O1,29244
223,224,1, Рубашка CULLERA,28848
224,225,2, Ботинки Полнота H (8),8893
225,226,3, Сумка поясная URBAN,21792
226,227,1, Трусы UW2-0784,14165
227,228,2, Кроссовки MX M,2944
228,229,2, Туфли Полнота стопы G (7),20196
229,230,2, Кеды Полнота E (5),28846
230,231,2, Кроссовки NIKE EPIC REACT FLYKNIT 2,29133
231,232,2, Ботинки XPEDITION III M,1295
232,233,2, Лоферы ECCO CITYTRAY,24130
233,234,1, Костюм ,4769
234,235,2, Полусапоги ,4894
235,236,3, Рюкзак BASIC,19046
236,237,2, Дутики ASPEN,2817
237,238,1, Футболка спортивная UA GL FOUNDATION SS,16225
238,239,1, Пижама AIRism с хлопком,12233
239,240,2, Кеды CT HI WHITE,24246
240,241,1, Куртка утепленная reversible,17616
241,242,1, Олимпийка Rugged Ridge™ Sherpa Half Snap,13965
242,243,2, Ботинки JONASA,4289
243,244,2, Кеды CARNABY EVO 0721 3 SMA,22627
244,245,3, Шапка City Trek™ Heavyweight Beanie,27426
245,246,2, Кеды Полнота G (7),15591
246,247,1, Брюки спортивные UA RIVAL TERRY JOGGER,16069
247,248,2, Ботинки Winkler,25248
248,249,3, Шапка Cascade Peak™ Beanie,25661
249,250,2, Кеды Royal Techque CE,24836
250,251,1, Шорты спортивные ультраэластичные,6514
251,252,2, Ботинки Puma Tuff Mid,25282
252,253,2, Ботинки TRED TRAY M,10974
253,254,2, Кроссовки 361° M'S URBAN,4879
254,255,2, Кроссовки KROS-G,24266
255,256,2, Топсайдеры NAUTILEA,21543
256,257,1, Шуба ,27951
257,258,3, Рюкзак Porsche Legacy Backpack,16933
258,259,1, Термоноски Merino Trekking,18584
259,260,2, Кроссовки QUESTAR FLOW NXT,18308
260,261,2, Слипоны COLLIN 2.0,25795
261,262,1, Рубашка PERSAC,6640
262,263,2, Кроссовки UA ULTRARANGE EXO SE,24924
263,264,2, Ботинки ECCO SOFT 7 TRED M,7672
264,265,2, Кроссовки ULTRABOOST 20,4884
265,266,2, Лоферы Полнота стопы E (5),6852
266,267,1, Лонгслив ,27934
267,268,1, Пижама ,21333
268,269,2, Кроссовки Shadow 6000,12502
269,270,1, Свитер Ryan,15156
270,271,1, Куртка ,14970
271,272,1, Комплект термобелья ,2240
272,273,1, Носки 10 пар ,6786
273,274,1, Комбинезон Siberian,3091
274,275,1, Куртка утепленная Labyrinth Loop™,12098
275,276,2, Кеды Chuck Taylor All Star Flux Ultra,26966
276,277,1, Брюки спортивные SST TP P BLUE,19592
277,278,3, Сумка Reporter Bag,18653
278,279,2, Ботинки трекинговые Полнота F (6),3339
279,280,3, Платок ,768
280,281,1, Пуховик VERGLAS ICEFALL DOWN JACKET,10913
281,282,1, Футболка ,8660
282,283,3, Снуд Knitted Neckwarmer Norval,18225
283,284,2, Туфли MELBOURNE,1423
284,285,2, Бутсы зальные PREDATOR EDGE.3 IN,28132
285,286,3, Рюкзак NINGALOO,11891
286,287,1, Брюки карго,23315
287,288,2, Кеды Полнота C (3),8035
288,289,3, Сумка BSB,19254
289,290,3, Очки солнцезащитные RB3025 W3277,19851
290,291,3, Рюкзак BTS BP PW AOP,10790
291,292,3, Сумка MAN COSMO M MESSENGER,13137
292,293,2, Кеды 1KZ-411-201,3152
293,294,2, Кроссовки ST Runner v2 Mesh,14065
294,295,1, Кардиган TENC,11244
295,296,2, Кроссовки ZX 700,15104
296,297,1, Куртка утепленная STEFAN,18273
297,298,3, Часы PWCAA0121,9684
298,299,1, Поло TRANSAT POLO,13556
299,300,3, Перчатки ,11368
300,301,3, Шапка GREY,8275
301,302,3, Рюкзак 4ATHLTS BP,2591
302,303,3, Часы V410-4-1-BS-BBB,882
303,304,1, Халат домашний ,10348
304,305,3, Шапка LUHTA NIKKAROINEN,22522
305,306,3, Очки солнцезащитные PR 51YS ZVN04P ,841
306,307,2, Кеды SKYMAN,28306
307,308,1, Куртка утепленная GORRY,10266
308,309,3, Шляпа ,23510
309,310,3, Кошелек CORDURA ECO RFID ALL DAY,21444
310,311,3, Балаклава DAKOTA HEART,28710
311,312,2, Ботинки EXOSTRIDE,6633
312,313,3, Рюкзак EDGY VIBES M BKPK KVJ0,1112
313,314,1, Худи CL ND HOODIE,17168
314,315,1, Джинсы Mom fit,22663
315,316,1, Брюки Winkler,424
316,317,1, Рубашка NON IRON,19587
317,318,2, Ботинки SNOWJOG,19155
318,319,1, Лонгслив спортивный ICEPEAK FENNER,28687
319,320,3, Рюкзак Recycled Rolltop,21018
320,321,2, Ботинки трекинговые EXOSTRIKE M,26207
321,322,1, Джинсы ультраэластичные,8858
322,323,2, Мокасины Enrico,5578
323,324,1, Рубашка LONG SLEEVE SHIRT,17070
324,325,2, Кроссовки ULTRABOOST 22,24471
325,326,3, Рюкзак с USB- разъемом,28251
326,327,3, Очки солнцезащитные HV68038,712
327,328,1, Брюки спортивные M NK PHNM ELITE KNIT PANT NFS,26702
328,329,2, Лоферы Anvers,2062
329,330,1, Куртка утепленная PADDED COACH JKT,14584
330,331,2, Ботинки Полнота стопы E (5),17150
331,332,3, Сумка дорожная 2-277,19976
332,333,1, Куртка CREW SOFTSHELL JACKET 2.0,26422
333,334,1, Джинсы селвидж,15941
334,335,2, Ботинки ASTIR,29382
335,336,3, Часы TW2U90700,10415
336,337,2, Кроссовки RS-Simul8 Core,27440
337,338,1, Толстовка на молнии,26432
338,339,2, Кроссовки Xetic Halflife,4460
339,340,1, Куртка M-65 MOD FIELD COAT,20329
340,341,2, Туфли ECCO CITYTRAY,2008
341,342,1, Футболка Uniqlo U,20757
342,343,2, Кроссовки SOLAR GLIDE 5 M,2317
343,344,1, Куртка утепленная SIDI,29073
344,345,2, Ботинки TIME,23532
345,346,2, Кеды Bari CV,14601
346,347,3, Часы TW2U81800,24022
347,348,3, Часы SL.09.6564.2.03,2128
348,349,3, Часы SL.09.6548.2.02,12349
349,350,2, Кроссовки ECCO ASTIR,23756
350,351,3, Шапка Merino Wool Victoria,10420
351,352,1, Брюки Flex ROC™,15532
352,353,3, Капор ,21450
353,354,2, Ботинки ECCO STAKER M,3790
354,355,3, Шапка MCFC Reversible Beanie,13446
355,356,1, Ветровка Hooded Pocket Jacket,25956
356,357,3, Перчатки 3S GLOVES CONDU,16497
357,358,2," Кроссовки Big Triangle Red ""Tiger Year""",3682
358,359,2, Ботинки DEPP,15195
359,360,2, Кроссовки LX2200,2958
360,361,3, Очки солнцезащитные AVIATOR LARGE METAL RB3025 112/4T ,28691
361,362,1, Термобелье Optima,23328
362,363,3, Шарф Neck warmer II,6595
363,364,1, Полупальто ,10661
364,365,3, Рюкзак ADICOLOR BACKPK,4821
365,366,1, Трусы UW2-0828,8406
366,367,3, Шарф SF-0725,6412
367,368,1, Куртка утепленная JACKET,3290
368,369,1, Пиджак PARIS,3790
369,370,1, Жилет утепленный DOLIST,26667
370,371,2, Кроссовки TERRACRUISE LT,4243
371,372,3, Шапка Polar Hat,572
372,373,2, Ботинки ARCTIC ,14999
373,374,3, Шапка Columbia™ Watch Cap,15631
374,375,2, Туфли SS-0549,9398
375,376,1, Майка ,8986
376,377,1, Куртка утепленная HUGO,25828
377,378,1, Куртка утепленная MA-1 HOODED RIB,14767
378,379,3, Ремень кожаный,8187
379,380,3, Бейсболка BASEBALL CAP,2495
380,381,1, Куртка горнолыжная ,13310
381,382,2, Кроссовки Liberate Nitro,19293
382,383,2, Кроссовки ECCO EXOSTRIDE,4132
383,384,3, Очки солнцезащитные CLUBMASTER RB3016 W3389 ,10093
384,385,3, Снуд Merino Lightweight,13728
385,386,3, Очки солнцезащитные CLUBMASTER SQUARE RB3916 130331 ,1907
386,387,1, Брюки спортивные BECKENBAUER TP,4970
387,388,1, Джемпер Pure Cotton,20328
388,389,2, Кеды Полнота стопы F (6),2553
389,390,1, Трусы UW2-0858,18306
390,391,2, Кеды Suede Skate Nitro,22348
391,392,2, Кроссовки Aviator WTR,9348
392,393,2, Кроссовки Mirage Mox Mono,12345
393,394,2, Кеды CTAS STREET BOOT HI BLACK/STORM WIND,11602
394,395,1, Парка N-3B ALTITUDE MOD PARKA,20124
395,396,1, Полупальто TINOF,496
396,397,1, Парка N-3B PARKA HERITAGE,7241
397,398,2, Туфли полнота стопы F (6),879
398,399,1, Термобелье низ Optima,15738
399,400,2, Кеды Tennis Master,28976
400,401,3," Перчатки ECCO GLOVES W, screen touch",13531
401,402,3, Сумка спортивная ACT CORE LL S GRIP,17441
402,403,3, Шапка Gribi,13671
403,404,3, Сумка поясная PR Classic Waist Bag,27749
404,405,3, Рюкзак ROLLTOP CLASSIC,17809
405,406,1, Свитшот ESS Small Logo Crew FL,24569
406,407,1, Джемпер Cross,23716
407,408,2, Ботинки Полнота стопы F (6),7674
408,409,2, Лоферы Полнота стопы G (7),17053
409,410,1, Футболка oversize,1805
410,411,1, Брюки спортивные OW FLEECE LINED PANTS,22046
411,412,3, Шапка BENETTON x PANTONE,11913
412,413,2, Ботинки ELVIS,15168
413,414,3, Очки солнцезащитные BE3121 101711,25077
414,415,1, Куртка утепленная STREET FIGHTER,22367
415,416,1, Брюки SMART,15290
416,417,2, Кроссовки NIKE DOWNSHIFTER 10,10934
417,418,3, Ручка ,1666
418,419,3, Панама PUMA Core Winter Bucket,27486
419,420,2, Кроссовки Incinerate,20006
420,421,2, Кроссовки MX,20803
421,422,1, Куртка утепленная CLGT JACKET,8821
422,423,2, Кроссовки XPEDITION III M,18529
423,424,1, Брюки спортивные ESS Logo Pants TR cl,9833
424,425,3, Рюкзак BACKPACK S,25529
425,426,1, Джинсы JAKE TOKK,26183
426,427,1, Шорты спортивные BMW MMS Sweat Shorts,4889
427,428,2, Кроссовки Полнота стопы E (5),23201
428,429,3, Рюкзак Jasper Medium,3849
429,430,3, Балаклава ALFIE,25004
430,431,1, Брюки спортивные Olimpus,5663
431,432,1, Джинсы HUNTER,25136
432,433,3, Шапка CALM,8072
433,434,2, Валенки ,14587
434,435,3, Шапка Madison,6723
435,436,3, Шарф BENETTON x PANTONE,3723
436,437,1, Куртка утепленная TRAVEER INS J,15464
437,438,3, Часы AR2447,2839
438,439,3, Шапка Knitted & Fleece Band Hat Solid,23654
439,440,3, Шапка и шарф 35х190 см,16124
440,441,1, Парка STREET,12531
441,442,2, Ботинки ELBRUS-G,15307
442,443,3," Перчатки touchscreen, ICEPEAK HUSTONVILLE",7642
443,444,2, Ботинки полнота стопы F (6),6078
444,445,2, Кеды ANTA CLASSIC,23622
445,446,1, Брюки спортивные BB IVERSON FLEECE PANT,7202
446,447,2, Ботинки FRANK,27767
447,448,1, Брюки домашние ,9884
448,449,2, Ботинки HADIR WP,5195
449,450,1, Куртка спортивная ,23924
450,451,1, Рубашка LINEN,3244
451,452,2, Кроссовки INTERFLEX Modern,8923
452,453,2, Ботинки ECCO TREDTRAY M,16467
453,454,3, Очки солнцезащитные  ,20160
454,455,1, Ветровка ,27065
455,456,3, Бейсболка NAHKIALA,6861
456,457,3, Бейсболка Outpace Hat,22155
457,458,3, Рюкзак MAN URBAN M BACKPACK,7495
458,459,3, Рюкзак UA Halftime Backpack,17397
459,460,1, Толстовка ультраэластичная DRY,11964
460,461,1, Термобелье верх SOFT,10435
461,462,1, Рубашка джинсовая из денима,12404
462,463,2, Кеды ECCO STREET LITE M,18013
463,464,1, Куртка ALLUDIA,3326
464,465,2, Кеды Destruct MID MTE,9618
465,466,2, Кеды 361° M'S SKATEBOARDING,21526
466,467,3, Рюкзак ICEPEAK GRANADA,21452
467,468,1, Куртка MN DRILL CHORE COAT,3321
468,469,3, Сумка Рива,14612
469,470,2, Кеды CT OX,17571
470,471,2, Кеды  SOFT 7 TRED M,29884
471,472,3, Шапка ZIP DUO  BLUE,880
472,473,1, Худи UA Rival Fleece Hoodie,28076
473,474,3, Несессер ,4209
474,475,2, Кеды FORUM LUXE LOW,23265
475,476,3, Часы A8302.5115Q,10112
476,477,1, Пиджак из ткани джерси,22001
477,478,1, Свитер LOTUST,18216
478,479,3, Рюкзак SECURIPAK,26972
479,480,3, Очки солнцезащитные PLD 7031/S RIW,11455
480,481,1, Куртка утепленная Oak Harbor™,1333
481,482,1, Джинсы JAN,23445
482,483,2, Шиповки PREDATOR EDGE.3 LL TF,4547
483,484,2, Кроссовки Ultraboost 4.0 DNA,14671
484,485,1, Пуховик down jacket,12833
485,486,2, Кроссовки ATH-1FM,21881
486,487,3, Шарф SF-0747,20123
487,488,3, Сумка MODUS,21519
488,489,3, Шапка 10M REG BEANIE,16289
489,490,2, Кроссовки RS-Z Reinvention,27839
490,491,1, Куртка джинсовая RYAN,4065
491,492,1, Пуховик M SEASONS DOWN JACKET Puma Black-CASTLER,14470
492,493,2, Сабо ,15591
493,494,2, Кеды SOFT 7 TRED M,13057
494,495,2, Кроссовки RINGO,3437
495,496,3, Очки солнцезащитные AX4026S 812287,29672
496,497,1, Брюки спортивные UA Rival Fleece Pants,12965
497,498,3, Сумка поясная CRISSCROSS CHIC,18327
498,499,1, Шорты ,4355
499,500,1, Джинсы M58-R-92-42/34,5005
500,501,1, Брюки спортивные F SWEATP,26283
501,502,1, Олимпийка Basin Trail™ III Full Zip,5282
502,503,2, Кроссовки ,1166
503,504,2, Кеды SIRIUS,22095
504,505,3, Бейсболка W FOUND CAP,23392
505,506,2, Кроссовки WAVE PROPHECY 11(U),6339
506,507,2, Ботинки Полнота E (5),10019
507,508,1, Костюм спортивный TS TRACKSUIT,12823
508,509,2, Кроссовки EXOHIKE M,21886
509,510,1, Джемпер из овечьей шерсти класса премиум,19957
510,511,1, Брюки спортивные M SL KT C T,20046
511,512,1, Джинсы MOORE,16577
512,513,1, Куртка утепленная ICEPEAK AVONDALE,21907
513,514,3, Рюкзак Hajo Macro,11102
514,515,2, Кроссовки Running Culture,14308
515,516,2, Кеды ACE,26710
516,517,1, Куртка DRILL CHORE COAT,7590
517,518,2, Кроссовки BIOM AEX M,23113
518,519,3, Снуд Knitted & Fleece Neckwarmer Rutger,27195
519,520,3, Очки солнцезащитные RB4165 601/8G,7115
520,521,1, Куртка утепленная MA-1 QUILTED FLIGHT JACKET,14809
521,522,1, Куртка утепленная B-17 Night Sky/Night Sky,22454
522,523,1, Рубашка OXFORD,24786
523,524,3, Рюкзак MH BP,14053
524,525,2, Кроссовки Erupter,16296
525,526,1, Олимпийка KJK-0095,4419
526,527,1, Комбинезон Urban,15756
527,528,3, Часы AX2853,18848
528,529,1, Лонгслив Ruff,2950
529,530,2, Кеды Chuck Taylor All Star Street,8672
530,531,3, Рюкзак UA Contain Duo MD Duffle,13298
531,532,3, Шапка Knitted Hat Ervin,3334
532,533,3, Перчатки BRUSSELS,2833
533,534,3, Зажим для купюр ,21214
534,535,1, Ветровка Zip Through Hooded Jacket,6944
535,536,1, Куртка ACTIVE LONG COAT,1766
536,537,1, Куртка сноубордическая ,736
537,538,2, Кроссовки Полнота стопы F (6),20624
538,539,3, Зажим для галстука с покрытием из родия,3857
539,540,2, Ботинки SEGMENT,24074
540,541,3, Сумка поясная MLB WAIST BAG,13484
541,542,3, Оправа SL 337 001,1447
542,543,3, Шапка NAVY,5225
543,544,3, Часы AX2427,25267
544,545,2, Кроссовки IRVING,27017
545,546,2, Туфли ECCO HELSINKI 2,26917
546,547,3, Очки солнцезащитные ROUND METAL RB3447N 004/51 ,6799
547,548,2, Ботинки ST.1 HYBRID,25343
548,549,1, Джинсы с начесом,12677
549,550,2, Кроссовки полнота К (10),3509
550,551,1, Куртка утепленная NORTH YORK JACKET M,9740
551,552,3, Оправа KL 924 084,6817
552,553,1, Трусы UW1-0190,21589
553,554,2, Ботинки MRX,6891
554,555,3, Ремень ECCO BELTS,6653
555,556,1, Джемпер Cable Jumper,1300
556,557,2, Кеды Полнота F (6),5113
557,558,3, Перчатки для фитнеса FIT Weightlifting,7923
558,559,2, Туфли ST.1 HYBRID,10964
559,560,3, Кредитница ,6411
560,561,3, Сумка NEWYORK,6914
561,562,3, Оправа AX3086 8181 ,14696
562,563,1, Трусы 3 шт. ,16576
563,564,2, Кроссовки SUPERNOVA + M,15697
564,565,3," Ремень Leather belt in 35mm with buckle in satined, blackened silver",17468
565,566,3, Рюкзак CITYSCAPE EVO,24689
566,567,2, Кроссовки Casual Shoes,19369
567,568,1, Куртка утепленная Dupont Sorona Aura,6804
568,569,3, Рюкзак DAILY BP II,25088
569,570,2, Ботинки ECCO TECHWELT,29342
570,571,3, Рюкзак CORDURA BACKPACK 2,2461
571,572,3, Очки солнцезащитные EA2059 30106G,3647
572,573,2, Ботинки GERMAIN,1795
573,574,2, Кроссовки TAICHI 3.0 Pro,21757
574,575,1," Футболка с картиной Александры Сырбу ""Перцы""",24903
575,576,2, Кроссовки TERREX BOAT H.RDY,23539
576,577,2, Кроссовки ALPHATORSION 2.0 M,12297
577,578,2, Кроссовки BIOM 2.1 X COUNTRY M,12025
578,579,1, Трусы ,1141
579,580,2, Кроссовки Drift,5217
580,581,3, Бейсболка Vans House of Terror_Friday the 13th,29178
581,582,2, Шиповки PREDATOR EDGE.3 TF,25943
582,583,1, Дубленка CORD,19877
583,584,3, Балаклава ARIZONA,5653
584,585,1, Куртка утепленная Pike Lake,2760
585,586,3, Рюкзак 365 PACK,28729
586,587,2, Кроссовки BMW MMS X-Ray Lite Pro,1132
587,588,2, Кроссовки 361° M'S LIFESTYLE,607
588,589,3, Снуд Knitted & Fleece Neckwarmer Neo,13160
589,590,3, Перчатки VERTIGO GLOVE,8914
590,591,2, Кроссовки AIR MAX 270 REACT,13182
591,592,3, Рюкзак BG-0439,18167
592,593,1, Дубленка ,7631
593,594,2, Ботинки KARLOS,962
594,595,2, Кеды Authentic,20882
595,596,3, Сумка поясная OPENROAD 2.0,22627
596,597,1, Брюки спортивные TRF LINEAR SP,20188
597,598,3, Варежки Rav,21537
598,599,2, Ботинки AQUET,17552
599,600,3, Перчатки TOUCH,7993
600,601,3, Рюкзак RSPNS CAMO BP,17411
601,602,2, Кроссовки BMW MMS RS-Connect,13555
602,603,3, Шапка B1B GRADIENT PATCH BEANIE,1142
603,604,3, Сумка дорожная Ручная кладь «Победа»,28201
604,605,3, Бейсболка HAT,23398
605,606,1, Футболка HEATTECH,2577
606,607,3, Сумка NEW-YORK,14183
607,608,2, Ботинки 4802 mono,20550
608,609,2, Кеды SOFT 7,29068
609,610,3, Очки солнцезащитные VO5408S 297173 ,21510
610,611,1, Пальто Вейс22,11820
611,612,3, Сумка спортивная TE M GRIP,12790
612,613,3, Митенки PTK000137,3626
613,614,1, Джинсы из денима,1472
614,615,2, Кроссовки Кроссовки повседневные,8034
615,616,3, Часы и браслет AX7102,20411
616,617,2, Кроссовки ECCO ZIPFLEX,22028
617,618,2, Сланцы CAYMAN,29018
618,619,2, Кеды WB-1,20041
619,620,3, Кредитница Sport D.Morelli,720
620,621,1, Лонгслив Blue Reef™ LS Graphic Tee,14741
621,622,2, Кроссовки EVDNT,23892
622,623,2, Кеды FORUM MID,20862
623,624,2, Кроссовки Zig Kinetica 2.5,2610
624,625,1, Футболка Олень и Елка,956
625,626,1, Джинсы Oregon Tapered K,5466
626,627,1, Брюки спортивные M WRD SWT PNT,22977
627,628,3, Перчатки горнолыжные ,11066
628,629,3, Маска горнолыжная  ,13173
629,630,1, Плащ CHAYTON,4169
630,631,3, Сумка ,11886
631,632,2, Туфли ,26153
632,633,2, Кеды PASSIPH,13417
633,634,3, Оправа TR798,21296
634,635,3, Ремень ADAM,26057
635,636,2, Кроссовки BMW MMS Neo Cat,11793
636,637,1, Костюм домашний ,15921
637,638,3, Митенки ,27857
638,639,3, Подтяжки ,13593
639,640,2, Кроссовки X9000L4 M,27014
640,641,1, Пиджак BOSTON,3125
641,642,3, Рюкзак WORK-E,29370
642,643,1, Термобелье верх Extreme merino,24649
643,644,2, Кроссовки Полнота стопы C (3),14093
644,645,1, Водолазка Awesome,14514
645,646,1, Жилет утепленный Marquam Peak Fusion,20946
646,647,3, Зажим для купюр Threesome,29136
647,648,3, Рюкзак Allrounder R,2436
648,649,1, Олимпийка Basin Trail III,5640
649,650,2, Ботинки трекинговые ELETTRA LOW WP,3399
650,651,3, Рюкзак STREET CLSC BP,5998
651,652,1, Пуховик JACKET,1976
652,653,3, Бейсболка UA Blitzing Adj Hat,26180
653,654,1, Брюки спортивные Kanye,11928
654,655,1, Куртка утепленная YENISEI V2,9635
655,656,1, Костюм классический ,5636
656,657,1, Толстовка M FI DBLKNT FZ,9975
657,658,3, Очки солнцезащитные PLD 6062/S 003,6114
658,659,1, Джинсы DENTON,15980
659,660,2, Ботинки ECCO ST.1 HYBRID,18366
660,661,2, Кеды Puma Serve Pro Lite,6544
661,662,3, Рюкзак Hajo Medium,21948
662,663,2, Ботинки City Hiker Low,13830
663,664,3, Подвеска ,7466
664,665,2, Кроссовки ECCO EXOSTRIKE M,22837
665,666,2, Кроссовки R78 Trek Lth,24033
666,667,1, Джинсы ультраэластичные EZY,9612
667,668,3, Рюкзак T4H RSPNS,17951
668,669,3, Рюкзак POSSE 33L CAMO,24401
669,670,1, Футболка из хлопка SUPIMA,2197
670,671,3, Шапка OUTLIFE FISHERMAN BEANIE,8477
671,672,1, Полупальто NOBI,19984
672,673,2, Кроссовки Cross-Training,23145
673,674,2, Кроссовки полнота C (3),17460
674,675,1, Пуховик ,26665
675,676,1, Пуховик HOODED JACKET,5672
676,677,2, Кроссовки UA Charged Rogue 3,3947
677,678,2, Кроссовки Twitch Runner,14344
678,679,2, Кеды UA ComfyCush SK8-Hi,600
679,680,3, Ручка JOTTER,16726
680,681,3, Шапка FOUNDATION Beanie,11710
681,682,3, Рюкзак cross-body,21668
682,683,1, Куртка UTILITY RAIN JACKET,17403
683,684,2, Ботинки Cheston,13245
684,685,2, Ботинки ASPEN,2852
685,686,2, Кеды BRONX 2.0,27572
686,687,2, Кроссовки EPIC REACT FLYKNIT 2,7007
687,688,1, Брюки спортивные R.Y.V. TP Q4,5742
688,689,3, Сумка поясная WAISTBAG L,20619
689,690,3, Повязка ,5963
690,691,1, Куртка утепленная Pike Lake™ Hooded Jacket,7456
691,692,3, Шапка HEATTECH,26507
692,693,3, Рюкзак CARRAMAGYN,15718
693,694,3, Балаклава Classic Style,16709
694,695,1, Брюки  1,23676
695,696,2, Кроссовки REEBOK GL1000,20051
696,697,1, Брюки ,27593
697,698,2, Кроссовки Pacer Next SB WTR,14460
698,699,2, Ботинки Полнота G (7),24771
699,700,3, Шапка Premium wool,19268
700,701,2, Слипоны CLASSIC SLIP-ON,3768
701,702,1, Куртка утепленная Ck Black,12028
702,703,3, Шарф двусторонний ,11572
703,704,3, Рюкзак MOVE 3.0,7650
704,705,1, Дубленка CLAUDE,7832
705,706,1, Куртка утепленная MT SYN INS J,3043
706,707,3, Шапка Basic Beanie FW21,12902
707,708,2, Кроссовки AIR MAX GENOME,25323
708,709,1, Ветровка CLGT POPOVER WB,18416
709,710,1, Пуховик HELIONIC MEL,25120
710,711,2, Кеды ECCO BYWAY TRED,12488
711,712,3, Рюкзак STREET CAMP BP,28133
712,713,2, Кеды ECCO SOFT 7,29095
713,714,1, Пиджак Regular Fit,1467
714,715,1, Футболка B+F TREFOIL TEE,29747
715,716,2, Кеды из парусины,19116
716,717,2, Кроссовки ECCO EXOSTRIDE M,7907
717,718,2, Ботинки полнота G (7),23031
718,719,3, Шапка Vhutemas,20962
719,720,3, Варежки горнолыжные ,938
720,721,3, Сумка BLACK SQUARE,6354
721,722,1, Куртка утепленная L-2B QUILTED,29768
722,723,1, Футболка CREW T-SHIRT,5323
723,724,1, Джинсы JUDE,691
724,725,3, Зонт складной UV protection,16244
725,726,3, Сумка поясная BOZER HIP PACK III-S,14286
726,727,2," Кроссовки Andrew Wiggins ""Glory Golden State""",15987
727,728,1, Куртка PUMA x HH Tech Jacket,2624
728,729,3, Кредитница WT-0346,20833
729,730,2, Кроссовки Lex,27245
730,731,3, Рюкзак и несессер ,9853
731,732,1, Термобелье верх ,6408
732,733,2, Кроссовки SENSE,22839
733,734,1, Худи SWEATSHIRT,11670
734,735,1, Джемпер NOLA,17799
735,736,3, Шапка и шарф ,15733
736,737,3," Перчатки LUHTA NIKKI, TouchScreen",19355
737,738,3, Сумка herschel cevrf,18018
738,739,1, Куртка утепленная DOLIPA,15154
739,740,3, Сумка OPENROAD 2.0,8294
740,741,2, Кеды Chuck Taylor All Star Padded Tongue,6383
741,742,2, Кроссовки ECCO BIOM 2.0,6119
742,743,1, Худи ,26165
743,744,3, Рюкзак UA Hustle Sport Backpack,26128
744,745,3, Чехол для очков ,3360
745,746,1, Пальто FUNNEL,28995
746,747,3, Очки солнцезащитные AX4108S 807881,7722
747,748,3, Снуд REAL STUFF LOOP,8320
748,749,1, Куртка утепленная Padded Check Flannel Shirt,4816
749,750,1, Брюки горнолыжные ,17973
750,751,2, Кроссовки Valley Premium,2076
751,752,3, Сумка спортивная UA Undeniable 5.0 Duffle SM,27026
752,753,1, Брюки спортивные Warm Train,19602
753,754,1, Олимпийка DMX PES TT          DGREYH,22484
754,755,3, Ремень ,21614
755,756,2," Кроссовки Louis Williams ""Streetball Master""",15292
756,757,2, Ботинки Worker,24927
757,758,3, Часы SMWGB2101601,20066
758,759,2, Кроссовки ZX 750 WV,17979
759,760,2, Ботинки Lightstep,21971
760,761,3, Сумка BG-0433,13787
761,762,1, Трусы 3 шт. UA Charged Cotton 6in 3 Pack,12867
762,763,2, Кеды CONTINENTAL 80,15247
763,764,1, Олимпийка SPORTSTYLE TRICOT JACKET,27314
764,765,2, Кеды CARNABY EVO TRI1 SMA,28711
765,766,2, Кроссовки RS-Z LTH,19048
766,767,1, Худи Dobro,14175
767,768,2, Ботинки QUARTZ,22250
768,769,2, Кроссовки LITE RACER 2.0,17174
769,770,1, Брюки FELIPE,15532
770,771,1, Джинсы GERMAN,4759
771,772,1, Свитшот DAVID CREW,17347
772,773,1, Футболка DRY-EX,1033
773,774,2, Ботинки трекинговые Snowrock,2394
774,775,3, Ремень M's Webbing Belt,26490
775,776,3, Часы PWKAA0421,19050
776,777,1, Парка HOODED JACKET,2889
777,778,3, Шапка reversible,25731
778,779,2, Кеды Pro Blaze Cup,25062
779,780,1, Рубашка SUPER NON IRON,15513
780,781,3, Рюкзак Hajo Mini,15056
781,782,1, Брюки утепленные ,26808
782,783,1, Парка N-3B ALPINE PARKA,318
783,784,3, Часы TDWGF2201002,15434
784,785,1, Куртка утепленная Reversible,9217
785,786,2, Кеды ECCO STREET 720 M,14468
786,787,1, Брюки спортивные UA VITAL WOVEN PANTS,29853
787,788,1, Брюки спортивные FIREBIRD TP,10390
788,789,2, Кроссовки CHEYLO,11202
789,790,1, Олимпийка Fast Trek™ II Full Zip,26083
790,791,1, Лонгслив SPRT GOALIE,3786
791,792,3, Рюкзак MN OLD SKOOL III,28194
792,793,1, Брюки спортивные CL ND PANT,15628
793,794,3, Сумка GRAIN,5249
794,795,2, Кроссовки BMW MMS Low Racer,5065
795,796,3, Сумка поясная ,19827
796,797,2, Кроссовки Кроссовки для бега,15952
797,798,3, Очки солнцезащитные GLA-0024,12798
798,799,3, Шарф LUHTA NILSAS,16379
799,800,3, Оправа K9089,15715
800,801,3, Бейсболка CREW CAP,21969
801,802,1, Пуховик PUFFER JACKET,15188
802,803,3, Очки солнцезащитные PR 64VS 1BO1A1,24638
803,804,1, Куртка reversible,12450
804,805,1, Брюки утепленные LUHTA JALKOSALMI,8881
805,806,2, Кроссовки JOGGEUR 2.0,18830
806,807,3, Шапка AUTUMN TWO RINGS,14381
807,808,3, Очки солнцезащитные ,2439
808,809,2, Ботинки SS-0556,21176
809,810,2, Джиббитсы 3 шт. ,22194
810,811,2, Ботинки ECCO CITYTRAY AVANT M,26526
811,812,2, Кроссовки FRAZIER,12015
812,813,3, Рюкзак Daypack,24691
813,814,1," Шорты спортивные PERFORMANCE WOVEN 5"" SHORT M",6796
814,815,2, Кроссовки MULTIX,26528
815,816,2, Кроссовки Flight Vectiv,5798
816,817,2, Кеды STREET TRAY M,24026
817,818,2, Сланцы Leadcat 2.0 Shower,10818
818,819,2, Кроссовки NIKE AIR MAX AP,12655
819,820,3, Бейсболка RING AND ARROW,21638
820,821,2, Кроссовки RESPONSE SUPER 2.0,17695
821,822,1, Пуховик PUTORANA V3,13727
822,823,3, Шапка NAVY DENIM,5850
823,824,3, Сумка поясная LONEWALKER M WTPK KVJ0,10377
824,825,1, Лонгслив VANS X CRAYOLA MAIL,3037
825,826,1, Брюки FCJ,25673
826,827,1, Поло M NSW CE POLO MATCHUP PQ NFS,23582
827,828,1, Футболка SHORT SLEEVE TOP,11044
828,829,1, Брюки спортивные ESS+ 2 Col Logo Pants FL cl,26265
829,830,3," Очки солнцезащитные PLD 4127/G/S 6LB, с поляризационными линзами",12209
830,831,3, Снуд Knitted & Fleece Neckwarmer NEO,28991
831,832,2, Кроссовки CREATEV1,28505
832,833,2, Кроссовки Casual sneakers,6983
833,834,3, Очки солнцезащитные DG2277 02/87 ,26728
834,835,1, Дубленка EXCLUSIVE FOR LAMODA,15256
835,836,2, Ботинки SHELIAK TREKKING SHOES WP,3190
836,837,3, Снуд ICEPEAK HUNTLEY,2794
837,838,1, Водолазка LUTEN,21812
838,839,2, Кроссовки T1 M - Ten High Perf,2389
839,840,2, Кеды HOOPS 2.0 MID,17007
840,841,2, Кроссовки Полнота G (7),15708
841,842,2, Лоферы ,27332
842,843,3, Рюкзак Survey II,21362
843,844,3, Рюкзак и брелок ,20949
844,845,1, Рубашка LENNO,2637
845,846,3, Бейсболка TINCAN REMIX  CAP,18668
846,847,2, Кроссовки GREY,6014
847,848,2, Кеды ECCO SOFT 7 M,18125
848,849,2, Ботинки DUKAT,11362
849,850,3, Рюкзак ROVER 25,15164
850,851,2, Кроссовки NMD_R1.V2,12044
851,852,2, Ботинки трекинговые ,9863
852,853,3, Рюкзак BURST,15640
853,854,1, Термобелье верх HUNTER,15161
854,855,2, Ботинки City Hiker,7951
855,856,3, Рюкзак ACT CORE,23791
856,857,1, Трусы AIRism,2518
857,858,1, Жилет утепленный пуховый ультралегкий,29265
858,859,3, Бейсболка U NSW H86 SWOOSH TRKR CAP,15127
859,860,1, Куртка утепленная Core Cruise,26886
860,861,1, Пижама Disney,3142
861,862,1," Куртка утепленная REVERSIBLE, MA-1 SLIM FIT",26049
862,863,2, Кроссовки UA HOVR Machina Off Road,8256
863,864,1, Джинсы BEN,25224
864,865,1, Пижама NIGHTSET,10393
865,866,1, Жилет утепленный Pike Lake™,7134
866,867,1, Джинсы JS-0137,25806
867,868,3, Сумка UA Loudon Crossbody,19397
868,869,3, Бейсболка BASEB CLASS TRE,4950
869,870,3, Обложка для паспорта ,1045
870,871,2," Кеды adidas Originals by PHARRELL WILLIAMS, STAN SMITH",21397
871,872,2, Кроссовки CLASSIC LEATHER,1414
872,873,3, Шапка RUKKA UUSSARI,9371
873,874,1, Джинсы Regular fit,10418
874,875,3, Снуд TERRA,18642
875,876,1, Джинсы Classic fit,6210
876,877,3, Галстук ,21259
877,878,1, Носки 5 пар ,6857
878,879,3, Шапка WOOL BUFF Hats,343
879,880,1, Куртка утепленная Powder Lite™,29689
880,881,2, Кроссовки Ferrari R-Cat Machina,9300
881,882,2, Кеды BYWAY,6098
882,883,3, Снуд Merino Wool Victoria,9679
883,884,1, Брюки спортивные 3D TF 3 STRP TP,22737
884,885,1, Джинсы 551Z™,12708
885,886,2, Кроссовки TERREX AX4,3035
886,887,2, Кроссовки PARTNER LUXE 0121 1 QSP  SMA,23865
887,888,1, Олимпийка FBIRD TT,6445
888,889,1, Рубашка VANS X CRAYOLA WOVEN,19215
889,890,2, Ботинки NEVADO,5012
890,891,2, Кроссовки полнота F (6),28992
891,892,3, Рюкзак IKONN ECO,13657
892,893,3, Очки солнцезащитные PLD 2087/S 003,10505
893,894,1, Парка Men's Manukau Parka II,16130
894,895,2, Туфли SS-0551,3335
895,896,3, Очки солнцезащитные PLD 2109/S 807,22623
896,897,3, Рюкзак BACKPACK,3571
897,898,1, Футболка B+f Trefoil Tee Logo Tee,28646
898,899,2, Сланцы ,6891
899,900,3, Шарф Scarf,27686
900,901,2, Ботинки ECCO IRVING,15636
901,902,2, Кроссовки Extent Nitro Ultraviolet,23479
902,903,1, Костюм домашний AIRism с хлопком,19787
903,904,1, Куртка PUMA x FELIPE PANTONE Jacket Puma Black,17915
904,905,3, Очки солнцезащитные SCHOFIELD C-004,9293
905,906,2, Кроссовки ECCO BIOM 2.1 X COUNTRY M,5427
906,907,1, Водолазка PARKT,2342
907,908,2, Кроссовки CHAMAELEONTIS FOAM 2.0,22557
908,909,1, Пиджак BREDA,10340
909,910,3, Снуд Polar Neckwarmer,16209
910,911,3, Рюкзак Ison Medium,24379
911,912,2, Кроссовки 361° M'S SKATEBOARDING,13108
912,913,1, Жилет ,29669
913,914,3, Бейсболка AC CONT BALLCAP,20176
914,915,1, Рубашка из экстратонкого хлопка,14138
915,916,3, Шапка Elmer,24015
916,917,1, Джинсы LOUIS Y,15537
917,918,2, Кроссовки Lite Racer Adapt 4.0 Shoes,8300
918,919,2, Кроссовки Voyage Nitro,2500
919,920,1, Худи Pullover Hoodie,29594
920,921,1, Джемпер PARK,27868
921,922,3, Кошелек Brown D.Morelli,790
922,923,1, Трусы UW2-0862,18401
923,924,2, Кроссовки AHIGA V4 HYDROPOWER,3846
924,925,2, Ботинки полнота D (4),1150
925,926,1, Свитер Snow Deers,18093
926,927,2, Кеды Полнота D (4),16946
927,928,3, Сумка дорожная ,20226
928,929,1, Парка Alpha M-65 Field Coat,8282
929,930,1, Куртка утепленная NORTH YORK JACKET,1760
930,931,1, Плащ ,19089
931,932,3, Чемодан STACKD,15036
932,933,2, Кроссовки RS-Z,7425
933,934,1, Брюки спортивные Evostripe Pants,9130
934,935,3, Сумка TRAIN CORE U POUCH BAG SMALL A,12145
935,936,2, Кеды CLUB C REVENGE,6239
936,937,3, Рюкзак на одно плечо,22318
937,938,2, Кроссовки BYWAY TRED,10278
938,939,2, Кеды CHUCK TAYLOR ALL STAR BERKSHIRE BOOT,28786
939,940,2, Туфли IRVING,8092
940,941,3, Очки солнцезащитные HYPERFIT 19/S 003,2981
941,942,1, Жилет утепленный GORRYST,26628
942,943,3, Рюкзак UA Hustle 5.0 Backpack,2080
943,944,3, Рюкзак PCKBL BP,19977
944,945,1, Толстовка Zip Through Hoodie,19219
945,946,2, Кроссовки ST Runner Full L,13605
946,947,1, Шорты для плавания CASCAIS TRUNK,16297
947,948,3, Шапка Knitted Hat ELON,29579
948,949,2, Ботинки Полнота J (9),7823
949,950,3, Очки солнцезащитные RB4369M F60131 ,23816
950,951,1, Брюки спортивные WIKESO,26535
951,952,3, Шапка Mishki,6519
952,953,1, Куртка утепленная TXMS PRIMA HDJ,23837
953,954,3, Снуд MW Merino Wool,27697
954,955,3, Кредитница Магнитный Wallet Cardslot Magsafe 4G Trangle logo Brown,25731
955,956,3, Сумка KENT,844
956,957,2, Ботинки JIM,21079
957,958,2, Кроссовки LAVANTE TRAIL 2,29317
958,959,3, Шарф ICONIC Scarf,23941
959,960,1, Брюки спортивные трикотажные,27044
960,961,3, Бейсболка HT-0296,26054
961,962,1, Куртка джинсовая Bomber,7368
962,963,3, Часы AR11178,8850
963,964,3, Перчатки для фитнеса ,9821
964,965,3, Рюкзак UA Hustle Lite Backpack,23622
965,966,2, Ботинки CITYTRAY AVANT M,5296
966,967,2, Слипоны UA COMFYCUSH SLIP- ON,20391
967,968,1, Куртка утепленная ALPHA MA-1 FLIGHT JACKET,23794
968,969,1, Куртка утепленная ,28047
969,970,3, Бейсболка Baseball Cap,13403
970,971,2, Кроссовки M's Lifestyle,13942
971,972,1, Толстовка M 3S FT FZ HD,5934
972,973,1, Рубашка TWILL,19943
973,974,1, Брюки спортивные SPORT,25926
974,975,2, Ботинки Полнота стопы K (10),24825
975,976,2, Ботинки полнота K (10),11748
976,977,1, Футболка BIG&TALL,5835
977,978,2, Кроссовки FLOATRIDE ENERGY 4,20424
978,979,1, Футболка Plain T-shirt,15263
979,980,1," Пальто ""ПАЛЕРМО""",19054
980,981,1, Куртка кожаная BERO,26774
981,982,2, Кеды UA OLD SKOOL,5661
982,983,1, Куртка утепленная OUTSIDER PUFFER M JCKT KVJ0,22226
983,984,1, Брюки спортивные ORIGINALS GFX S,19683
984,985,3, Бабочка ,1392
985,986,1, Костюм спортивный ,8194
986,987,3, Шапка ICEPEAK HARCOURT,17818
987,988,2, Кеды Chuck Taylor All Star CX Explore,19053
988,989,2, Ботинки ECCO GRAINER M,6903
989,990,2, Кеды Old Skool,28930
990,991,2," Кеды Vans House of Terror_IT, Era",18145
991,992,1, Куртка утепленная Aeronautica,25478
992,993,2, Кроссовки Cave,7246
993,994,3, Рюкзак Originals Urban Backpack,23396
994,995,1, Рубашка CUNARDO,13659
995,996,3, Перчатки ММА Competition Style MMA,3172
996,997,2, Кроссовки NIKE REACT MILER,5315
997,998,1, Худи Rose Love Hoody,25522
998,999,3, Манишка TERRA,27379
999,1000,1, Худи HH LOGO HOODIE,10825
1000,1001,2, Кроссовки Dista Runner Tech,4200
1001,1002,2, Ботинки Helmut Hybrid,10634
1002,1003,3, Перчатки для фитнеса EverCool FIT Lifting,10261
1003,1004,1, Брюки Flex ROC™ Lined,22234
1004,1005,3, Ключница ,21021
1005,1006,2, Кроссовки UA UltraRange EXO,5439
1006,1007,3, Сумка SMART CHIC,18945
1007,1008,2, Борцовки BUIVASSAR,28318
1008,1009,1, Носки 3 пары TREF ANK SCK HC,21088
1009,1010,2, Туфли полнота F (6),5492
1010,1011,3, Рюкзак METRO,4286
1011,1012,1, Худи exclusive online,19576
1012,1013,2, Кроссовки PUREBOOST GO,27092
1013,1014,2, Ботинки SS-0555,23118
1014,1015,1, Поло ,8620
1015,1016,3, Шапка Beanie,29057
1016,1017,2, Ботинки трекинговые Speedhiker 2,7700
1017,1018,2, Ботинки SS-0561,7574
1018,1019,1, Шорты джинсовые ,18237
1019,1020,3, Рюкзак CAMO CL BP,29225
1020,1021,2, Дутики ,6420
1021,1022,3, Рюкзак MOSS,7238
1022,1023,3, Обложка для паспорта Black D.Morelli,7048
1023,1024,2, Ботинки Raymond,27302
1024,1025,2, Ботинки TECHWELT,2865
1025,1026,3, Сумка дорожная с брелоком,2865
1026,1027,3, Перчатки горнолыжные SALUTE GLOVE M GLOV CRH0,25097
1027,1028,3, Шарф HELSINKI,8045
1028,1029,1, Свитер ,11116
1029,1030,2, Кеды UA SK8-HI 46 MTE,25454
1030,1031,1, Носки 2 пары ,19275
1031,1032,1," Пуховик ультралегкий, 3D-крой",1242
1032,1033,1, Футболка M LIN SJ T,3549
1033,1034,1, Жилет утепленный пуховый ультралегкий компактный,8151
1034,1035,3, Очки солнцезащитные OVAL RB1970 919631 ,17128
1035,1036,1, Свитшот ESSENTIAL CREW,22161
1036,1037,2, Кеды UA SK8-HI,21302
1037,1038,2, Ботинки TREDTRAY M,29140
1038,1039,3, Очки солнцезащитные OJECTOR OO9018 901804 PRIZM BLACK POLARIZED,25267
1039,1040,2," Кроссовки ""Killer""",19596
1040,1041,3, Рюкзак PRO-DLX 5,23857
1041,1042,2, Кроссовки BIOM C-TRAIL M,19556
1042,1043,2, Кроссовки TREK,23792
1043,1044,1, Костюм спортивный M LIN TR TT TS,2045
1044,1045,2, Кроссовки EXOSTRIDE M,12338
1045,1046,1, Худи ADV BM BTF HDY,5213
1046,1047,2, Кроссовки Disperse XT 2 Mesh,27120
1047,1048,3, Очки солнцезащитные RB4187 622/8G,21072
1048,1049,3, Рюкзак CLASSIC,27803
1049,1050,3, Часы G-Timeless YA1264078,17924
1050,1051,3, Сумка поясная CL FO WAISTBAG,10350
1051,1052,3, Рюкзак HONDO,2457
1052,1053,2, Лоферы Полнота стопы F (6),12370
1053,1054,1, Брюки Q1 CARGO,17896
1054,1055,3, Очки солнцезащитные PLD 6067/S 79D,7130
1055,1056,3, Сумка CASSIA,29413
1056,1057,1, Куртка утепленная 19-0011,13022
1057,1058,3, Сумка поясная Chest Pack,7353
1058,1059,1, Рубашка Slim Fit Gingham Shirt,12309
1059,1060,3, Панама REVERSIBLE,15409
1060,1061,1, Костюм домашний ультраэластичный,9978
1061,1062,3, Несессер BLUE SQUARE,18232
1062,1063,2, Кроссовки X-Ray Lite Pro Mid,19103
1063,1064,2, Кеды Royal Techque,28980
1064,1065,3, Очки солнцезащитные PLD 6066/S 79D,20050
1065,1066,2, Кроссовки Outdoor Walk,23109
1066,1067,2, Ботинки CHET,9553
1067,1068,1, Футболка LOGO T-SHIRT,7676
1068,1069,2, Кеды SIXTY,25232
1069,1070,3, Сумка Textureblock Camera Bag,23750
1070,1071,3, Перчатки touch screen,13217
1071,1072,1, Брюки спортивные ультраэластичные DRY,1155
1072,1073,3, Рюкзак LITEPOINT,4229
1073,1074,3, Рюкзак Hajo Large,17010
1074,1075,1, Куртка утепленная MJ6Z96,1464
1075,1076,1, Комбинезон Fresh,12117
1076,1077,1, Футболка спортивная UA SPORTSTYLE LC SS,14138
1077,1078,1, Джинсы MARCUS,21088
1078,1079,1, Трусы UW1-0194,13043
1079,1080,3, Рюкзак EVERETE,27385
1080,1081,2, Ботинки KLARK,5354
1081,1082,2, Ботинки трекинговые FELS NYLON,20887
1082,1083,2, Кроссовки PREMIER ROAD PLUS VI,14801
1083,1084,2, Туфли полнота E (5),1725
1084,1085,1, Пуховик DOWN JACKET LONG M,23361
1085,1086,3, Рюкзак FLATTOP,14790
1086,1087,2, Кроссовки NIXON,4475
1087,1088,1, Водолазка Wool & Modal,3338
1088,1089,2, Кроссовки ECCO ZIPFLEX M,16848
1089,1090,1, Термобелье низ MAN EVOLUTYON UW PANTS LONG,12210
1090,1091,2, Ботинки RAILO SNOW BOOT WP,2845
1091,1092,2, Кроссовки BIOM FJUEL M,18658
1092,1093,1, Олимпийка HP FLEECE JACKET,27859
1093,1094,2, Кроссовки ECCO MX,21159
1094,1095,1, Свитшот RAINB,28314
1095,1096,1, Джемпер Crew Neck Lambswool Blend Jumper,13848
1096,1097,3, Часы PWCAA1021,6244
1097,1098,2, Кроссовки PUMA R78,11258
1098,1099,1, Футболка спортивная UA SPORTSTYLE LOGO SS,1204
1099,1100,1, Брюки Flex ROC™ Lined Pant,19201
1100,1101,1, Куртка утепленная Rugged Path™,25104
1101,1102,3," Еженедельник Spiral XL, 200 страниц",9487
1102,1103,3, Шапка MILFORD BEANIE,9907
1103,1104,1, Футболки 2 шт. ,18570
1104,1105,1, Рубашка POMPEIA,1909
1105,1106,1, Костюм классический Двойка,17115
1106,1107,1, Ветровка PUMA x PRONOUNCE Windbreaker Puma Silver,8230
1107,1108,3, Шапка HT-0297,21967
1108,1109,3, Шапка EVERYONE'S FAVORITE,28084
1109,1110,2, Кеды ECCO STREET TRAY M,4534
1110,1111,3, Сумка SLMB,14486
1111,1112,1, Костюм спортивный и жилет утепленный ,22356
1112,1113,2, Кроссовки DURAMO SL,28514
1113,1114,3, Часы PWAAA1421,3010
1114,1115,1, Куртка утепленная MA-1 HOODED BATTLEWASH FLIGHT JACKET,27971
1115,1116,1, Куртка DUBLINER JACKET,27656
1116,1117,1, Толстовка M WRD SWT FZHD,16133
1117,1118,1, Худи ZODEME,13963
1118,1119,3, Мешок ,16286
1119,1120,2, Ботинки  TURN,4100
1120,1121,1, Футболка M HEAT G S T,2596
1121,1122,1, Кардиган Merino Knitted,4942
1122,1123,2, Ботинки CHUCK TAYLOR ALL STAR LUGGED WINTER 2.0,12761
1123,1124,1, Брюки спортивные M NK DRY PANT TAPER FLEECE,5630
1124,1125,2, Кроссовки GALAXY 5,13301
1125,1126,2, Кроссовки SHADOW 6000,16498
1126,1127,2, Полусапоги Saturn,24344
1127,1128,1, Куртка утепленная MJ6Z81,28272
1128,1129,2, Тимберленды 6 Inch Premium Boot BLACK,17344
1129,1130,3, Рюкзак BPCK,26308
1130,1131,3, Кошелек ,27392
1131,1132,1, Джемпер TEN,11634
1132,1133,2, Кроссовки KYRIE FLYTRAP IV,5005
1133,1134,3, Очки солнцезащитные с поляризационными линзами,3425
1134,1135,1, Пиджак Slim fit,26771
1135,1136,1, Олимпийка LUHTA HARJULA,1104
1136,1137,1, Олимпийка VERSA STANDARD Q-ZIP,13724
1137,1138,2, Ботинки CRIWIEN,11091
1138,1139,1, Пиджак VERNER,28023
1139,1140,2, Кроссовки Hybrid Fuego,23250
1140,1141,3, Шапка MH6Z7H,17671
1141,1142,1, Куртка утепленная ZOLI,11730
1142,1143,2, Ботинки Premium,16777
1143,1144,1, Джинсы D-FINING-GO,29451
1144,1145,2, Кроссовки THERAP M,10521
1145,1146,3, Цепь ,3337
1146,1147,2, Кеды Chuck Taylor All Star Ultra,1305
1147,1148,2, Кроссовки 361° AG-2X-GREEN,15536
1148,1149,3, Снуд ,23730
1149,1150,1, Брюки чинос,14251
1150,1151,3, Снуд Extreme merino,11717
1151,1152,2, Сандалии ,20268
1152,1153,1, Джинсы BLEECKER,18595
1153,1154,3, Снуд Knitted Neckwarmer Comfort NORVAL,21319
1154,1155,1, Кардиган STREATHAM,21216
1155,1156,1, Футболки 3 шт. ,26669
1156,1157,1, Джемпер SWEATER,21149
1157,1158,2, Кроссовки ECCO MX M,18613
1158,1159,2, Кеды полнота F (6),9495
1159,1160,1, Джинсы JUMY,14112
1160,1161,3, Очки солнцезащитные RB4300 601SR5 ,7041
1161,1162,2, Кроссовки 361° M'S BASKETBALL,24462
1162,1163,3, Шапка ICEPEAK HOOKS,26694
1163,1164,2, Ботинки COOLPORT,21528
1164,1165,2, Ботинки полнота E (5),16384
1165,1166,3, Очки солнцезащитные CV505S CHUCK 100,20130
1166,1167,1, Свитер Deer & Star,23792
1167,1168,2, Кроссовки PL Low Racer,27547
1168,1169,2, Ботинки трекинговые полнота F (6),25485
1169,1170,1, Джемпер из экстратонкой мериносовой шерсти,12923
1170,1171,2, Кроссовки ECCO BIOM AEX M,1012
1171,1172,1, Жилет утепленный ,1794
1172,1173,1, Брюки Asymmetric,24798
1173,1174,1, Термобелье низ EXTRIM,15074
1174,1175,3, Сумка спортивная ACT CORE,29908
1175,1176,3, Рюкзак Vito Medium,10904
1176,1177,2, Кеды ADVANTAGE BASE,29720
1177,1178,1, Брюки спортивные ACTIVE Woven Pants cl,13280
1178,1179,2, Кеды SKY,25315
1179,1180,2," Кроссовки Andrew Wiggins ""Peach""",5821
1180,1181,3, Сумка ECCO TEXTUREBLOCK,24460
1181,1182,2, Кроссовки Outdoor Shoes,8213
1182,1183,1, Брюки спортивные ESS Logo Pants FL cl,23691
1183,1184,1, Трусы Short Boxer,772
1184,1185,3, Рюкзак NYLON BACKPACK,18945
1185,1186,3, Часы COMMISSIONER,22101
1186,1187,3, Часы SL.09.6547.2.01,27962
1187,1188,3, Сумка DALLAS,4911
1188,1189,2, Кроссовки CONTINENTAL 80,24394
1189,1190,3, Сумка MAN SIRIO M TOTE,4152
1190,1191,1, Джемпер KWL-0678-1,1670
1191,1192,1, Куртка утепленная JULES,1759
1192,1193,1, Куртка кожаная ,20133
1193,1194,3, Рюкзак PULSE,10607
1194,1195,1, Рубашка изо льна класса премиум,19577
1195,1196,3, Снуд Knitted & Fleece Neckwarmer IGOR,17585
1196,1197,2, Кеды DIME,6498
1197,1198,2, Кроссовки T-CLIP WNTR,2950
1198,1199,2, Кроссовки Basketball Shoes,1385
1199,1200,3, Снуд Polar,5224
1200,1201,3, Рюкзак UA Gametime Backpack,15741
1201,1202,2, Слипоны ECCO COLLIN 2.0,2803
1202,1203,3, Шапка B1B LOGO BEANIE,28489
1203,1204,1, Полупальто exclusive online,21799
1204,1205,3, Шапка DISCOVERY,10666
1205,1206,2, Кеды UA Era,8130
1206,1207,1, Джинсы MERCER,16541
1207,1208,3, Шапка T&N,29824
1208,1209,3, Ремень WEB,20035
1209,1210,3, Шарф ,14815
1210,1211,2, Мокасины ,21816
1211,1212,1, Ветровка MOVE HOODED RAIN JACKET,7661
1212,1213,2, Кроссовки TIM,20080
1213,1214,1, Джинсы Clyde,26166
1214,1215,2, Ботинки NIBAL MID LIFESTYLE SHOE WP,6028
1215,1216,2, Ботинки LUHTA VALLAKAS MR,28984
1216,1217,2, Кроссовки ALPHABOOST,780
1217,1218,1, Рубашка ,23023
1218,1219,3," Браслет ""Чан-Лу""",20237
1219,1220,1, Свитшот Crew Neck Sweatshirt,26956
1220,1221,2, Ботинки ZEKE HIKER,28302
1221,1222,1, Трусы UW1-0193,27248
1222,1223,2, Кеды STAN SMITH,19860
1223,1224,1, Шорты домашние ,21596
1224,1225,2, Кеды полнота стопы K (10),6655
1225,1226,1, Брюки спортивные ESS Logo Pants FL cl (s),15583
1226,1227,3, Шапка MEDIUM,22150
1227,1228,3, Рюкзак ARMY,8413
1228,1229,3, Перчатки Аленделон,17836
1229,1230,3, Рюкзак MIDTOWN,14684
1230,1231,1, Куртка Doug,28419
1231,1232,1, Жилет утепленный WARODE,11291
1232,1233,1, Тайтсы Тайтсы Core Long Tight(M),14637
1233,1234,3, Сумка и брелок ,11841
1234,1235,3, Рюкзак CLSC BOS 3S BP,19163
1235,1236,1, Кардиган ,20436
1236,1237,3, Шарф reversible,26242
1237,1238,3, Рюкзак CL BP 3S,4838
1238,1239,2, Полусапоги Classic Lined Neo Puff Boot,11175
1239,1240,2, Кроссовки NIKE ODYSSEY REACT,10184
1240,1241,2, Кроссовки LITE RACER RBN 2.0,7806
1241,1242,1, Плащ TANGO,25139
1242,1243,2, Кроссовки RETRO SNEAKER M,15393
1243,1244,1, Брюки ультраэластичные,15392
1244,1245,2, Кеды EARLHAM,15883
1245,1246,3, Ремень BT-0111,10106
1246,1247,1, Куртка BMW MMS Street Jacket,5287
1247,1248,1, Брюки спортивные M ZNE PANT,4006
1248,1249,2, Ботинки Canada,8977
1249,1250,3, Очки солнцезащитные G909 C1 white black-smoke,5911
1250,1251,2, Кроссовки SUPERNOVA M,28383
1251,1252,3, Сумка поясная WAISTBAG S,20621
1252,1253,1, Пальто STATION,18070
1253,1254,3, Часы A100WEGG-1AEF,11973
1254,1255,2, Кроссовки ROYAL GLIDE,26408
1255,1256,2, Кроссовки GH,7068
1256,1257,3, Шапка SIMPSONS BART BEANIE,8766
1257,1258,1, Рубашка DALMINE,19652
1258,1259,1, Куртка утепленная QUILTED SST TT,17941
1259,1260,2, Кроссовки EXOSTRIKE M,13545
1260,1261,1, Куртка утепленная Dark Olive,8718
1261,1262,2, Кроссовки Mirage Tech,10861
1262,1263,1, Куртка утепленная OSLO,29463
1263,1264,2, Ботинки MONTBLANC 3,7423
1264,1265,3, Очки солнцезащитные AVIATOR LARGE METAL RB3025 W3277 ,5887
1265,1266,3," Чехол для наушников Airpods, Karl Silicone case with ring Black",15190
1266,1267,3, Рюкзак Tote Backpack,1696
1267,1268,3, Кепка ,25928
1268,1269,3, Рюкзак 20 л,12415
1269,1270,1, Куртка утепленная YUNG Z OTH WB,23061
1270,1271,2, Кроссовки UA HOVR Sonic 5,21339
1271,1272,1, Куртка утепленная Labyrinth Loop,12944
1272,1273,1, Джемпер ALLUDIAC,6428
1273,1274,1, Шорты чинос,20139
1274,1275,1, Рубашка ALAMOS,26203
1275,1276,3, Перчатки 11Э-20M,25457
1276,1277,3, Шапка LUHTA NARKKOLA,15914
1277,1278,1, Брюки спортивные UA RIVAL TERRY PANT,28503
1278,1279,3, Очки солнцезащитные SP8003 C3 white-blue revo,3478
1279,1280,2, Сапоги ,19562
1280,1281,1, Парка MARSHAL,4800
1281,1282,1, Рубашка из фланели,8858
1282,1283,3, Рюкзак 40 л,7572
1283,1284,2, Кеды The Legacy Sneaker,28720
1284,1285,3, Сумка Dark Blue с карманом,1194
1285,1286,1, Куртка утепленная Youngberg™,6859
1286,1287,3, Сумка поясная B1B BELT BAG,864
1287,1288,2, Кроссовки SWIFT RUN X,571
1288,1289,3," Бейсболка ""Не без греха""",18667
1289,1290,1, Пальто ARIZONA,21316
1290,1291,1, Дубленка B-3 SHERPA MOD,18250
1291,1292,3, Рюкзак сross-body,18890
1292,1293,3, Рюкзак BCKSDRSEASON,27236
1293,1294,3, Перчатки TE LOGO GLOVES,8369
1294,1295,2, Ботинки TURN,7938
1295,1296,3, Рюкзак ,4168
1296,1297,1, Кардиган BINGER,8660
1297,1298,3, Сумка 8-33,8894
1298,1299,1, Брюки спортивные BIG & TALL,14256
1299,1300,1, Кардиган LOTUSC,13817
1300,1301,2, Кроссовки Skateboarding,16396
1301,1302,2, Кроссовки ZIG KINETICA 2.5,12516
1302,1303,1, Ветровка ST TT HL,6163
1303,1304,3, Снуд LW Merino wool,28393
1304,1305,1, Плавки ,25172
1305,1306,3, Шапка Whirlibird Watch Cap™ Beanie,5653
1306,1307,2, Тапочки ,26265
1307,1308,2, Кроссовки JOKER,28751
1308,1309,1, Куртка утепленная Norton Bay III,26984
1309,1310,3, Сумка спортивная Training Sportsbag S,16783
1310,1311,3, Рюкзак MADAGASCAR,23010
1311,1312,2, Ботинки трекинговые ASTHERIAN TREKKING SHOES WP,9075
1312,1313,2, Кроссовки RS-Z College,11956
1313,1314,2, Ботинки трекинговые TERREX SKYCHASER 2,28172
1314,1315,3, Рюкзак UXPLR BP,10244
1315,1316,1, Лонгслив HEATTECH,1871
1316,1317,2, Бутсы EXPONENTA ENRBLAST TF,24633
1317,1318,2, Кроссовки A-TRON 3,10861
1318,1319,2, Бутсы зальные ARMANDO LEATHER,13691
1319,1320,2, Кроссовки REEBOK ROYAL GLIDE,21590
1320,1321,2, Туфли ELVIS-W,19049
1321,1322,3, Шапка MAPF1 Classic Cuff Beanie,26603
1322,1323,2, Ботинки полнота Е (5),2829
1323,1324,2, Кроссовки LAGUNA,9016
1324,1325,3, Шарф REVERSIBLE,25598
1325,1326,2, Ботинки трекинговые TREK,16192
1326,1327,3, Несессер Y10m,11323
1327,1328,2, Туфли CITYTRAY AVANT M,26838
1328,1329,2, Тимберленды 6 Inch Premium Boot ORANGE,3207
1329,1330,3, Рюкзак ARENA DAY PACK2,21052
1330,1331,1, Парка N-3B QUILTED PARKA,14710
1331,1332,2, Ботинки  STREET LITE M,4310
1332,1333,3, Очки солнцезащитные SP9006 C3 m.grey-smoke,8753
1333,1334,3, Сумка спортивная UA Contain Duo MD Duffle,16767
1334,1335,3, Очки солнцезащитные BLD 2008 101 GOLD,8592
1335,1336,3, Очки солнцезащитные G075-2 mblack-red revo,6893
1336,1337,2, Кроссовки ST Runner v3 L,8681
1337,1338,2, Ботинки ELVIS-W,21258
1338,1339,2, Ботинки ECCO AQUET,6114
1339,1340,3, Рюкзак Cross-training,28556
1340,1341,2, Кроссовки WAVE REBELLION(M),26404
1341,1342,3, Рюкзак AC CLASSIC BP,7438
1342,1343,1, Парка Recycled Polyester,28939
1343,1344,3, Бейсболка PATCH,25190
1344,1345,3, Оправа RX5228 2000,17975
1345,1346,3, Шапка RUKKA TALPIALA,23414
1346,1347,2, Кроссовки UA EVDNT UltimateWaffle,12942
1347,1348,2, Кроссовки Wild Rider Pickup,12067
1348,1349,1, Футболка DCSTRPILTFLLHSS M TEES KVJ0,3607
1349,1350,1, Носки 3 пары ,29313
1350,1351,2, Ботинки COSMO,16747
1351,1352,3, Шапка Knitted Hat Norval,11939
1352,1353,3, Бейсболка U NK PRO CAP SWOOSH CLASSIC FS,2347
1353,1354,1, Костюм спортивный MTS WVN HOODED,27195
1354,1355,2, Ботинки трекинговые RIGEL LOW TREKKING SHOE WP,23502
1355,1356,3, Очки солнцезащитные VO4216S 513611 ,9205
1356,1357,1, Брюки вельветовые,22721
1357,1358,1, Брюки из хлопка и льна,18184
1358,1359,3, Рюкзак для ноутбука 15”,17721
1359,1360,1, Толстовка ,16877
1360,1361,1, Куртка утепленная Baltic Point™ II Jacket,14063
1361,1362,1, Худи TRFOIL C HOODY2,21860
1362,1363,2, Ботинки OXIMAL,29664
1363,1364,1, Водолазка SOFT TOUCH,26897
1364,1365,2, Кроссовки X9000L3 M,28561
1365,1366,2, Кроссовки Zig Kinetica 2.5X,13116
1366,1367,1, Трусы 3 шт. Fashion,18765
1367,1368,3, Перчатки для фитнеса ALL CONDITIONS GLOVES,17305
1368,1369,3, Шапка ASMC BEANIE,5759
1369,1370,3, Шапка RUKKA ULLAVA,13840
1370,1371,3, Бейсболка ,21517
1371,1372,3, Шарф cache-nez,21474
1372,1373,1, Брюки  ,1224
1373,1374,1, Пуловер ,19379
1374,1375,1, Пиджак ANETO,22431
1375,1376,3, Рюкзак CLEAN DAYS BACKPACK,518
1376,1377,2, Бутсы ARMANDO LEATHER,17348
1377,1378,3, Рюкзак OREGON,11444
1378,1379,3, Шапка Racked Rib Beanie,17518
1379,1380,2, Кеды AUTHENTIC,23536
1380,1381,1, Лонгслив с начесом,27549
1381,1382,2, Кеды JAM,23150
1382,1383,3, Ремень и сменная пряжка ,19615
1383,1384,3, Сумка поясная Crossbody ,3308
1384,1385,2, Кроссовки Hunter II,21763
1385,1386,2, Топсайдеры ,28044
1386,1387,2, Ботинки Tayla Jane,3815
1387,1388,3, Чемодан 42 л,5543
1388,1389,2, Кроссовки Space Runner,15866
1389,1390,2, Ботинки Полнота стопы H (8),14349
1390,1391,2, Кеды Court Star SL,17667
1391,1392,2, Ботинки полнота стопы K 10,1096
1392,1393,2, Кеды CLUB C 85,28229
1393,1394,3, Бандана Tech Fleece Bandana,23472
1394,1395,1, Брюки спортивные KTR-0089,5900
1395,1396,1, Куртка утепленная PARK CITY 3-IN-1-JACKET,24348
1396,1397,1, Джинсы  ,24081
1397,1398,2, Кроссовки RUN SPIN GTX,28298
1398,1399,1, Трусы 5 шт. ,15788
1399,1400,3, Рюкзак NK STADIUM FCB BKPK - FA20,14830
1400,1401,2, Кроссовки UltraRange Exo,3437
1401,1402,2, Кеды CTAS All Terrain,3863
1402,1403,3, Сумка спортивная ,28341
1403,1404,2, Кроссовки Casual Shoes,24465
1404,1405,2, Ботинки WOODLAND M BOOT DGT,9423
1405,1406,2, Ботинки трекинговые TERREX SWIFT R3,2252
1406,1407,3, Шапка HT-0284,9876
1407,1408,1, Плащ BLOCKTECH,15727
1408,1409,2, Ботинки SEM,7472
1409,1410,1, Куртка джинсовая ,22789
1410,1411,2, Бутсы зальные SALA PRO,7086
1411,1412,2, Кроссовки TERREX DAROGA H.RDY,2767
1412,1413,2, Кроссовки FEATHERING,6599
1413,1414,1, Куртка утепленная Labyrinth Loop™ Hooded Jacket,772
1414,1415,1, Джемпер ,13513
1415,1416,1, Плащ TRENCHY,12101
1416,1417,3, Сумка AXXENT,3363
1417,1418,1, Куртка горнолыжная Iceline Ridge,21464
1418,1419,1, Куртка SENS OF CLASSIC M JCKT BPF0,13813
1419,1420,1, Худи Pray Hoody,16688
1420,1421,3, Сумка спортивная Деви,16667
1421,1422,1, Футболка relaxed fit,1264
1422,1423,1, Брюки спортивные UA Rival Fleece Joggers,13106
1423,1424,2, Кроссовки Andrew Wiggins “King Kong”,5417
1424,1425,3, Чехол для ноутбука ,28785
1425,1426,3, Рюкзак Phase Backpack,25515
1426,1427,3, Сумка спортивная Bag-backpack,27556
1427,1428,1, Водолазка ,25232
1428,1429,1, Куртка утепленная L-2B SKYMASTER GEN II,17106
1429,1430,3, Очки солнцезащитные EA4149 504287,21717
1430,1431,2, Ботинки JEF,25122
1431,1432,2, Лоферы полнота G (7),780
1432,1433,3, Балаклава Optima,7079
1433,1434,3, Сумка поясная NK HERITAGE HIP PACK,12547
1434,1435,3, Рюкзак с USB портом и кабелем,19659
1435,1436,3, Несессер Chelsy,22058
1436,1437,2, Кроссовки TRC Blaze,2265
1437,1438,3, Шарф Lambswool Scarf,23526
1438,1439,2, Сланцы SPEEDO SLIDES ONE PIECE AM,27947
1439,1440,1, Футболка спортивная UA BOXED SPORTSTYLE SS,27657
1440,1441,1, Куртка утепленная Belluno 2.0,6489
1441,1442,3, Бейсболка ASMC CAP,11911
1442,1443,1, Шорты спортивные MOVE SWEAT SHORTS,22804
1443,1444,2, Слипоны ECCO SOFT 7 M,1610
1444,1445,3, Часы GA-2100SKE-7AER,4809
1445,1446,1, Брюки спортивные SLICE TRF  SP,15096
1446,1447,3, Шарф FOUNDATION Scarf,21091
1447,1448,2, Кроссовки SOLAR BOOST 4 M,5433
1448,1449,3, Очки солнцезащитные G075-3 mblack-blue revo,928
1449,1450,2, Дутики PLUTON,8779
1450,1451,3, Панама ,17003
1451,1452,1, Свитшот ,8577
1452,1453,1, Куртка утепленная 66 CHAMPS VARSITY JACKET,21910
1453,1454,1, Джемпер LOTUS,19866
1454,1455,1, Куртка утепленная LINCOLN,28586
1455,1456,1, Толстовка MOVE SWEAT FZ HOODIE,27825
1456,1457,2, Кроссовки Mirage Mox,22644
1457,1458,1, Куртка CNY SHIRT,13783
1458,1459,3," Перчатки спортивные, UDILO",923
1459,1460,3, Ремень STITCH WITCH,9893
1460,1461,1, Брюки спортивные M FI DBLKNT PT,2902
1461,1462,1, Лонгслив Plain L/S T-Shirt,28229
1462,1463,1, Куртка сноубордическая DEFY M SNJT RQR7,25355
1463,1464,2, Кроссовки Electron E Pro,23918
1464,1465,2, Кеды HOOPS 2.0,20862
1465,1466,1, Брюки спортивные ESSENTIALS PANT,13887
1466,1467,2, Сланцы DRAGON,14989
1467,1468,3, Очки солнцезащитные BENJI RB2189 901/31 ,15680
1468,1469,1, Брюки сноубордические ,6656
1469,1470,1, Плащ TRENCHO,21930
1470,1471,3, Сумка BLUE SQUARE,26970
1471,1472,3, Сумка MANHATTAN,29331
1472,1473,2, Бутсы GOAL 2,17478
1473,1474,1, Куртка джинсовая MJCK035-4-XL,26710
1474,1475,2, Кеды SOFT 7 M,1492
1475,1476,2, Ботинки трекинговые NAVIGATOR M BOOT GYB,23679
1476,1477,1, Джинсы ,28983
1477,1478,2, Кеды LESS,26409
1478,1479,2, Кроссовки MULTI-VENT,20692
1479,1480,3, Сумка спортивная BMW MMS Duffle Bag,28556
1480,1481,2, Кеды ,2099
1481,1482,3, Часы PWKAA0121,14888
1482,1483,1, Кальсоны HEATTECH,1238
1483,1484,3, Балаклава Microfiber Balaclava,28062
1484,1485,3, Рюкзак PUMA Deck Backpack,24559
1485,1486,2, Лоферы полнота F (6),17714
1486,1487,1, Носки 7 пар ,19079
1487,1488,2, Кроссовки Royal Glide,13924
