,id,surname,name,patronymic,number_phone
1,1,Оглоухов,Олег,Игоревич,+74007390262
2,2,Прасовский,Клара,Романович,8-(571)-454-1965
3,3,Потемин,Валентина,Богдановна,+7-264-176-4787
4,4,Петешев,Федор,Евгеньевна,+74657398705
5,5,Махов,Ксения,Егоровна,+7-045-399-75-42
6,6,Меловацкий,Григорий,Кирилловна,+7-(151)-860-1304
7,7,Жушева,Роман,Тимофеевич,+7-888-673-2350
8,8,Минюшина,Александр,Антонович,+7-(129)-893-98-64
9,9,Колютина,Михаил,Юриевич,+7-(023)-417-5187
10,10,Муленков,Любовь,Дмитриевна,+7-150-558-66-42
11,11,Щепенков,Игорь,Романовна,+74536843519
12,12,Ромикова,Альберт,Антонович,8-(655)-293-24-04
13,13,Меретина,Клара,Валериевич,80590706475
14,14,Умудхалов,Алиса,Борисович,+71666363789
15,15,Лядочкина,Вероника,Юриевич,+7-769-883-2398
16,16,Левникова,Яна,Романович,8-156-132-3599
17,17,Дуновецкая,София,Андреевич,8-(518)-852-8429
18,18,Шелапутова,Эдуард,Павлович,+7-(555)-362-9671
19,19,Закорюкина,Василий,Вадимович,+7-(746)-116-2972
20,20,Торпочева,Олег,Антонович,+7-(003)-141-1525
21,21,Холевенков,Раиса,Олеговна,+70522127513
22,22,Люньков,Клара,Богдановна,8-(186)-795-6311
23,23,Халинин,Анатолий,Михайловна,84136534209
24,24,Низков,Геннадий,Петровна,+7-(001)-832-54-30
25,25,Ахремцова,Виктория,Тимофеевич,+7-239-755-2401
26,26,Бутрамеева,Альберт,Иванович,85165469284
27,27,Чучалова,Олег,Евгеньевна,+7-727-304-2671
28,28,Мурошкина,Валерий,Вадимович,+7-032-731-8415
29,29,Кондаков,Лиза,Дмитриевна,+7-(153)-385-24-65
30,30,Мостарнов,Максим,Валериевич,+7-622-988-1383
31,31,Суборнова,Борис,Николаевич,+7-(317)-648-16-69
32,32,Кимайкин,Любовь,Егоровна,+7-835-348-7382
33,33,Клопкова,Антон,Кирилловна,8-(913)-019-71-21
34,34,Боедова,Леонид,Яковлевна,+77841601318
35,35,Поповский,Станислав,Сергеевна,8-(514)-822-19-65
36,36,Вебнева,Григорий,Тимофеевич,8-360-876-94-42
37,37,Амнилогов,Герасим,Борисовна,+7-873-333-4535
38,38,Шаметова,Федор,Николаевич,8-011-934-11-53
39,39,Уленяхин,Ольга,Петровна,8-(866)-548-15-71
40,40,Бабинкин,Жанна,Олеговна,+78311812248
41,41,Тапоркова,Полина,Ивановна,8-(580)-805-50-90
42,42,Будин,Мария,Викторовна,8-002-743-3271
43,43,Мальвинов,Павел,Виталиевич,86135440846
44,44,Сокулева,Виктория,Иванович,+7-(662)-742-3878
45,45,Батершина,Тарас,Богдановна,+7-101-922-52-12
46,46,Чепринова,Жанна,Михаилович,+7-(379)-876-5313
47,47,Скринский,Валерия,Эдуардовна,+70334892013
48,48,Воспанов,Тамара,Сергеевич,+7-590-793-3283
49,49,Сибинов,Александр,Юриевич,+7-920-479-9891
50,50,Ведева,Михаил,Романовна,80356721651
51,51,Карыбин,Иван,Евгеньевич,+7-490-268-3118
52,52,Тенихина,Юлия,Максимовна,8-596-187-2672
53,53,Щиплецов,Григорий,Евгеньевна,80729072318
54,54,Галустов,Алина,Денисович,8-327-050-92-56
55,55,Евменова,Виктор,Максимович,8-021-974-0146
56,56,Цуцина,Евгений,Вадимович,8-(306)-490-4560
57,57,Шурочкина,Пётр,Максимовна,8-980-890-2926
58,58,Дашухина,Марина,Евгеньевна,+7-541-031-36-25
59,59,Сульпиева,Евгений,Яковлевич,8-(069)-531-44-98
60,60,Овинов,Любовь,Кирилловна,8-(197)-164-94-01
61,61,Лапчикова,Клара,Викторович,8-419-867-40-13
62,62,Макаемова,Анастасия,Ивановна,8-(862)-861-2583
63,63,Шибинов,Артур,Федоровна,+7-816-450-18-10
64,64,Халдырмина,Ярослав,Юрьевич,+7-321-159-27-69
65,65,Сулышкин,Василий,Олеговна,8-(278)-270-1916
66,66,Кошметерев,Леонид,Михаилович,+7-(479)-302-92-57
67,67,Прядилова,Яна,Павлович,8-574-965-36-34
68,68,Пылов,Надежда,Вадимович,+7-346-920-90-76
69,69,Мышкарев,Альберт,Евгеньевич,+7-(591)-557-39-95
70,70,Насорина,Юрий,Олеговна,8-669-571-91-43
71,71,Ажгихин,Вадим,Егоровна,8-449-449-4920
72,72,Шаторова,Ярослав,Иванович,8-225-934-89-14
73,73,Воловатова,Андрей,Алексиевич,8-(841)-480-73-89
74,74,Садурский,Семён,Валерьевна,+7-(701)-952-82-41
75,75,Кулифеев,Клара,Николаевна,+7-219-441-70-24
76,76,Гурманова,Артём,Валериевич,+79278632502
77,77,Гребешкова,Алена,Аркадиевич,+7-(105)-700-5272
78,78,Дячилев,Валерия,Павлович,8-(254)-098-4070
79,79,Гомыгина,Денис,Евгеньевич,+7-856-888-4863
80,80,Лалазарова,Светлана,Сергеевна,8-(247)-314-2098
81,81,Алитов,Юлия,Валериевич,8-(127)-725-41-18
82,82,Геркулов,Яков,Андреевич,8-937-881-4361
83,83,Мошонов,Станислав,Дмитриевна,8-(205)-927-7831
84,84,Загваздин,Оксана,Андреевна,8-401-417-9410
85,85,Шаргаева,Алина,Михаилович,88288703302
86,86,Почутина,Леонид,Сергеевна,+78928573638
87,87,Кавнацкая,Илья,Игоревна,8-078-856-4630
88,88,Саетгареев,Анатолий,Олегович,8-758-265-2899
89,89,Ковригина,Алена,Вадимович,86857260795
90,90,Тройницкая,Ева,Валерьевна,8-917-061-02-23
91,91,Бухаров,Екатерина,Виталиевич,+72868138439
92,92,Болявский,Валерий,Максимович,+7-515-407-2876
93,93,Агафьева,Игорь,Евгеньевна,+7-(186)-415-5802
94,94,Куякина,Раиса,Сергеевич,8-250-364-7596
95,95,Намлинский,Михаил,Максимович,+74032055607
96,96,Табунков,Владимир,Максимович,+7-(702)-339-17-39
97,97,Иряева,Полина,Данилович,+7-653-760-3343
98,98,Голубчиков,Дмитрий,Олеговна,8-(846)-774-5021
99,99,Кандина,Людмила,Кирилловна,+78444641058
100,100,Шленова,Ирина,Яковлевна,+7-(385)-311-29-47
101,101,Добржицкий,Игорь,Андреевич,8-(012)-070-51-37
102,102,Питушкин,Яна,Георгиевич,8-210-969-98-18
103,103,Тумашова,Надежда,Яковлевич,+78113557994
104,104,Гоков,Григорий,Эдуардовна,8-(078)-920-29-21
105,105,Никин,Никита,Кирилловна,+7-(558)-513-2187
106,106,Колубаев,Тарас,Аркадиевич,+7-116-501-9117
107,107,Пирумов,Виктория,Денисович,8-183-610-5294
108,108,Митюрин,Клара,Егоровна,+7-(250)-152-56-11
109,109,Гераимова,Инна,Леонидович,8-(130)-803-6438
110,110,Цырипкина,Николай,Иванович,+7-(703)-777-89-71
111,111,Липатенков,Андрей,Леонидович,8-(167)-689-0093
112,112,Пермагоров,Альберт,Игоревич,+7-442-285-3406
113,113,Хамулаева,Эдуард,Игоревна,+72109656249
114,114,Тавкин,Артём,Вадимовна,+72752065550
115,115,Душенькина,Павел,Аркадьевна,+7-156-499-8354
116,116,Коленцева,Вячеслав,Ивановна,+7-750-548-63-42
117,117,Пайтерова,Александр,Вадимович,8-672-540-6550
118,118,Бабейский,Максим,Петровна,+7-034-797-6160
119,119,Букакин,Наталья,Ивановна,+76362093963
120,120,Хамешина,Марина,Валерьевна,8-677-463-6754
121,121,Аблихаров,Наталья,Алексеевич,+7-(691)-908-61-62
122,122,Айгинин,Антон,Валерьевна,8-444-607-60-95
123,123,Тамрлакова,Георгий,Тимофеевич,+72635074193
124,124,Куборева,Оксана,Андреевна,8-(794)-667-6192
125,125,Тимахин,Никита,Аркадиевич,+7-(420)-245-3763
126,126,Чегодайкин,Юлия,Сергеевна,8-325-704-04-39
127,127,Тишакин,Павел,Максимовна,8-(175)-129-0116
128,128,Пятецкая,Кира,Данилович,86158856027
129,129,Хромина,Владимир,Павлович,8-796-242-22-92
130,130,Манышев,Виктория,Вадимович,8-(822)-018-3328
131,131,Лукьяшин,Дарья,Максимович,8-325-579-8040
132,132,Шабуров,Герасим,Петрович,8-(419)-465-46-99
133,133,Савостьев,Леонид,Богдановна,+7-(869)-029-92-06
134,134,Жмурская,Анатолий,Олегович,80316271845
135,135,Сабитова,Эдуард,Яковлевна,8-195-930-7181
136,136,Учеватов,Тарас,Михаилович,+7-(086)-280-73-81
137,137,Фаличев,Вероника,Михаилович,83512307407
138,138,Лобзекова,Алена,Дмитриевна,+71565176842
139,139,Копатикова,Ксения,Максимович,+7-(400)-272-8003
140,140,Лакин,Алёна,Павлович,8-(784)-757-0889
141,141,Цыцурина,Альберт,Борисовна,83394348124
142,142,Супранова,Илья,Андреевич,+7-(670)-181-36-78
143,143,Корузев,Валентин,Фёдорович,8-(145)-932-0420
144,144,Шутунова,Никита,Олегович,+70041514975
145,145,Митрейкин,Леонид,Эдуардовна,8-925-706-8884
146,146,Горышев,Любовь,Викторович,+7-874-208-54-10
147,147,Окаева,Алиса,Василиевич,+7-(619)-894-8092
148,148,Голотынина,Илья,Романовна,+73820834746
149,149,Евграфьев,Герасим,Георгиевич,8-869-968-9456
150,150,Теравская,Елена,Вадимович,80842866062
